{
  "accuracy": 0.9372516279846385,
  "f1_score": 0.9214422757028624,
  "classification_report": {
    "0": {
      "precision": 0.9447417760354525,
      "recall": 0.9907764907764908,
      "f1-score": 0.9672116844364563,
      "support": 27972
    },
    "1": {
      "precision": 0.5770491803278689,
      "recall": 0.17840851495184998,
      "f1-score": 0.27255129694154084,
      "support": 1973
    },
    "accuracy": 0.9372516279846385,
    "macro avg": {
      "precision": 0.7608954781816607,
      "recall": 0.5845925028641704,
      "f1-score": 0.6198814906889986,
      "support": 29945
    },
    "weighted avg": {
      "precision": 0.9205154447169999,
      "recall": 0.9372516279846385,
      "f1-score": 0.9214422757028624,
      "support": 29945
    }
  }
}