{
  "Unnamed: 0": {
    "count": 150000.0,
    "mean": 75000.5,
    "std": 43301.414526548666,
    "min": 1.0,
    "25%": 37500.75,
    "50%": 75000.5,
    "75%": 112500.25,
    "max": 150000.0
  },
  "SeriousDlqin2yrs": {
    "count": 150000.0,
    "mean": 0.06684,
    "std": 0.24974553092870277,
    "min": 0.0,
    "25%": 0.0,
    "50%": 0.0,
    "75%": 0.0,
    "max": 1.0
  },
  "RevolvingUtilizationOfUnsecuredLines": {
    "count": 150000.0,
    "mean": 6.048438054666888,
    "std": 249.75537062543177,
    "min": 0.0,
    "25%": 0.029867442,
    "50%": 0.154180737,
    "75%": 0.5590462475,
    "max": 50708.0
  },
  "age": {
    "count": 150000.0,
    "mean": 52.295206666666665,
    "std": 14.77186586310081,
    "min": 0.0,
    "25%": 41.0,
    "50%": 52.0,
    "75%": 63.0,
    "max": 109.0
  },
  "NumberOfTime30-59DaysPastDueNotWorse": {
    "count": 150000.0,
    "mean": 0.4210333333333333,
    "std": 4.192781272017265,
    "min": 0.0,
    "25%": 0.0,
    "50%": 0.0,
    "75%": 0.0,
    "max": 98.0
  },
  "DebtRatio": {
    "count": 150000.0,
    "mean": 353.00507576386985,
    "std": 2037.8185231443026,
    "min": 0.0,
    "25%": 0.17507383225,
    "50%": 0.366507841,
    "75%": 0.86825377325,
    "max": 329664.0
  },
  "MonthlyIncome": {
    "count": 120269.0,
    "mean": 6670.221237392844,
    "std": 14384.674215282244,
    "min": 0.0,
    "25%": 3400.0,
    "50%": 5400.0,
    "75%": 8249.0,
    "max": 3008750.0
  },
  "NumberOfOpenCreditLinesAndLoans": {
    "count": 150000.0,
    "mean": 8.45276,
    "std": 5.145950989645247,
    "min": 0.0,
    "25%": 5.0,
    "50%": 8.0,
    "75%": 11.0,
    "max": 58.0
  },
  "NumberOfTimes90DaysLate": {
    "count": 150000.0,
    "mean": 0.26597333333333334,
    "std": 4.1693037875989925,
    "min": 0.0,
    "25%": 0.0,
    "50%": 0.0,
    "75%": 0.0,
    "max": 98.0
  },
  "NumberRealEstateLoansOrLines": {
    "count": 150000.0,
    "mean": 1.01824,
    "std": 1.1297709848819713,
    "min": 0.0,
    "25%": 0.0,
    "50%": 1.0,
    "75%": 2.0,
    "max": 54.0
  },
  "NumberOfTime60-89DaysPastDueNotWorse": {
    "count": 150000.0,
    "mean": 0.24038666666666667,
    "std": 4.155179420982588,
    "min": 0.0,
    "25%": 0.0,
    "50%": 0.0,
    "75%": 0.0,
    "max": 98.0
  },
  "NumberOfDependents": {
    "count": 146076.0,
    "mean": 0.7572222678605657,
    "std": 1.1150860714872997,
    "min": 0.0,
    "25%": 0.0,
    "50%": 0.0,
    "75%": 1.0,
    "max": 20.0
  }
}