{
  "accuracy": 0.9368508933043914,
  "f1_score": 0.920904274616112,
  "classification_report": {
    "0": {
      "precision": 0.9445069366329208,
      "recall": 0.9905977405977406,
      "f1-score": 0.9670034375054529,
      "support": 27972
    },
    "1": {
      "precision": 0.5674342105263158,
      "recall": 0.17486061834769387,
      "f1-score": 0.26733824099186365,
      "support": 1973
    },
    "accuracy": 0.9368508933043914,
    "macro avg": {
      "precision": 0.7559705735796183,
      "recall": 0.5827291794727173,
      "f1-score": 0.6171708392486583,
      "support": 29945
    },
    "weighted avg": {
      "precision": 0.9196625723447815,
      "recall": 0.9368508933043914,
      "f1-score": 0.920904274616112,
      "support": 29945
    }
  }
}