{
  "accuracy": 0.937318417098013,
  "f1_score": 0.9216336473996285,
  "classification_report": {
    "0": {
      "precision": 0.9448668553309012,
      "recall": 0.9907049907049907,
      "f1-score": 0.9672431545697283,
      "support": 27972
    },
    "1": {
      "precision": 0.577922077922078,
      "recall": 0.1804358844399392,
      "f1-score": 0.2750096562379297,
      "support": 1973
    },
    "accuracy": 0.937318417098013,
    "macro avg": {
      "precision": 0.7613944666264896,
      "recall": 0.585570437572465,
      "f1-score": 0.621126405403829,
      "support": 29945
    },
    "weighted avg": {
      "precision": 0.9206897958609526,
      "recall": 0.937318417098013,
      "f1-score": 0.9216336473996285,
      "support": 29945
    }
  }
}