{
  "accuracy": 0.9372850225413257,
  "f1_score": 0.9214660649730921,
  "classification_report": {
    "0": {
      "precision": 0.944743659667303,
      "recall": 0.9908122408122408,
      "f1-score": 0.9672297061492288,
      "support": 27972
    },
    "1": {
      "precision": 0.5779967159277504,
      "recall": 0.17840851495184998,
      "f1-score": 0.2726568551510457,
      "support": 1973
    },
    "accuracy": 0.9372850225413257,
    "macro avg": {
      "precision": 0.7613701877975267,
      "recall": 0.5846103778820454,
      "f1-score": 0.6199432806501373,
      "support": 29945
    },
    "weighted avg": {
      "precision": 0.9205796349553933,
      "recall": 0.9372850225413257,
      "f1-score": 0.9214660649730921,
      "support": 29945
    }
  }
}